Type,Name,Request Count,Failure Count,Median Response Time,Average Response Time,Min Response Time,Max Response Time,Average Content Size,Requests/s,Failures/s,50%,66%,75%,80%,90%,95%,98%,99%,99.9%,99.99%,100%
POST,/api/fib-lote/,563,563,510.0,506.4825836495045,36.92574502201751,1449.3056120118126,73949.92007104796,4.719179567193821,4.719179567193821,510,580,640,680,750,790,860,920,1400,1400,1400
POST,/api/fib/,6200,3708,480.0,466.5160651406134,8.36258300114423,1420.1803770265542,40174.26693548387,51.96965065115754,31.08120397007938,480,550,600,630,710,760,820,880,1100,1400,1400
,Aggregated,6763,4271,480.0,469.843161092189,8.36258300114423,1449.3056120118126,42985.99142392429,56.68883021835136,35.8003835372732,480,550,600,630,710,760,820,890,1300,1400,1400
